{
  "invocation_options": {
    "interface": "end0",
    "domains_file": "examples/domains.txt",
    "resolver": "8.8.8.8",
    "resolver_port": 53,
    "rate": 2.0,
    "duration": 300.0,
    "output_dir": "output",
    "output_base_name": "google",
    "pcap_file": "capture.pcap",
    "log_level": "INFO",
    "source_ips": [
      "192.168.4.10"
    ]
  },
  "summary": {
    "total_queries_sent": 602,
    "matched_responses": 1732,
    "unmatched_queries": 0,
    "late_responses": 0,
    "duplicate_response_candidates": 0
  },
  "latency_statistics_seconds": {
    "n": 1732,
    "min": 0.00025653839111328125,
    "max": 0.3462402820587158,
    "mean": 0.008524659048877743,
    "median": 0.005678296089172363,
    "stddev": 0.022312702094472198,
    "p95": 0.018635988235473633,
    "p99": 0.047358036041259766,
    "pct_over_1s": 0.0
  }
}