{
  "invocation_options": {
    "interface": "end0",
    "domains_file": "examples/domains.txt",
    "resolver": "192.168.4.1",
    "resolver_port": 53,
    "rate": 2.0,
    "duration": 300.0,
    "output_dir": "output",
    "output_base_name": "nextdns-tcp",
    "pcap_file": "capture.pcap",
    "log_level": "INFO",
    "source_ips": [
      "192.168.4.10"
    ]
  },
  "summary": {
    "total_queries_sent": 602,
    "matched_responses": 1733,
    "unmatched_queries": 0,
    "late_responses": 2,
    "duplicate_response_candidates": 0
  },
  "latency_statistics_seconds": {
    "n": 1733,
    "min": 0.0002834796905517578,
    "max": 3.007723331451416,
    "mean": 0.016640178192851865,
    "median": 0.005772590637207031,
    "stddev": 0.10547413121164065,
    "p95": 0.0453639030456543,
    "p99": 0.1378953456878662,
    "pct_over_1s": 0.1154068090017311
  }
}